<?xml version="1.0" encoding="UTF-8"?>
<project-private xmlns="http://www.netbeans.org/ns/project-private/1">
    <editor-bookmarks xmlns="http://www.netbeans.org/ns/editor-bookmarks/1"/>
    <open-files xmlns="http://www.netbeans.org/ns/projectui-open-files/1">
        <file>file:/C:/workspace/Game/src/cc/openhome/SwordsMan.java</file>
        <file>file:/C:/workspace/Game/src/cc/openhome/Magician.java</file>
        <file>file:/C:/workspace/Game/src/cc/openhome/Role.java</file>
        <file>file:/C:/workspace/Game/src/cc/openhome/RPG.java</file>
    </open-files>
</project-private>
