<?xml version="1.0" encoding="UTF-8"?>
<project-private xmlns="http://www.netbeans.org/ns/project-private/1">
    <editor-bookmarks xmlns="http://www.netbeans.org/ns/editor-bookmarks/1"/>
    <open-files xmlns="http://www.netbeans.org/ns/projectui-open-files/1">
        <file>file:/C:/workspace/ClassObject/src/cc/openhome/Field.java</file>
        <file>file:/C:/workspace/ClassObject/src/cc/openhome/Demo.java</file>
        <file>file:/C:/workspace/ClassObject/src/cc/openhome/Guess.java</file>
        <file>file:/C:/workspace/ClassObject/src/cc/openhome/DecimalDemo.java</file>
        <file>file:/C:/workspace/ClassObject/src/cc/openhome/Field2.java</file>
    </open-files>
</project-private>
